"序号","公司名称","国家","城市","官网","客户类型","主营产品","产品匹配点","来源链接","WhatsApp状态","WhatsApp/电话","邮箱状态","邮箱","LinkedIn","联系人","职位","AI评分","优先级","AI分析","首封英文开发信","WhatsApp开场白","CRM状态","下次跟进时间","备注"
"1","Kinsman Kitchens","澳洲","Sydney","https://kinsman.com.au/","Kitchen Company / Designer","厨房、衣柜、洗衣房、收纳系统","与全屋定制、橱柜、衣柜、木门或出口家具存在直接/相邻匹配。","https://kinsman.com.au/contact-us/","电话可核验WhatsApp","官网联系页核验；未发现可直接确认的公开 WhatsApp 号码","联系表单","未确认公开直邮；优先官网表单，邮箱为辅助补全","https://www.linkedin.com/search/results/companies/?keywords=Kinsman%20Kitchens","未公开","Procurement / Sourcing / Owner / Design Director / Project Manager","89","A","Kinsman Kitchens 的公开业务与 厨房、衣柜、洗衣房、收纳系统 相关，客户类型为 Kitchen Company / Designer，适合按 A 级客户进入 CRM。","Subject: Kinsman Kitchens and custom cabinetry supply

Hi Kinsman Kitchens team,

I noticed that Kinsman Kitchens works with 厨房、衣柜、洗衣房、收纳系统. We manufacture whole-house custom cabinetry, kitchen cabinets, wardrobes, wood doors, and export furniture for builders, designers, kitchen companies, and importers, with OEM/ODM support for project and retail programs.

Would it be useful if I send a short catalogue and capability sheet for cabinets, wardrobes, wood doors, and furniture packages?

Best regards,","Hi Kinsman Kitchens team, this is [Your Name]. I saw that your company works with 厨房、衣柜、洗衣房、收纳系统. We manufacture custom cabinetry, wardrobes, wood doors, and export furniture. May I send a short catalogue and project reference?","Verified","人工确认后 2 个工作日内跟进","工作流规则：不编造 WhatsApp、邮箱、联系人；发送前人工核验来源和联系方式。"
"2","Freedom Kitchens","澳洲","Sydney","https://freedomkitchens.com.au/","Kitchen Company / Designer","厨房、衣柜、洗衣房、家居收纳","与全屋定制、橱柜、衣柜、木门或出口家具存在直接/相邻匹配。","https://freedomkitchens.com.au/contact-us/","电话可核验WhatsApp","官网联系页核验；未发现可直接确认的公开 WhatsApp 号码","联系表单","未确认公开直邮；优先官网表单，邮箱为辅助补全","https://www.linkedin.com/search/results/companies/?keywords=Freedom%20Kitchens","未公开","Procurement / Sourcing / Owner / Design Director / Project Manager","88","A","Freedom Kitchens 的公开业务与 厨房、衣柜、洗衣房、家居收纳 相关，客户类型为 Kitchen Company / Designer，适合按 A 级客户进入 CRM。","Subject: Freedom Kitchens and custom cabinetry supply

Hi Freedom Kitchens team,

I noticed that Freedom Kitchens works with 厨房、衣柜、洗衣房、家居收纳. We manufacture whole-house custom cabinetry, kitchen cabinets, wardrobes, wood doors, and export furniture for builders, designers, kitchen companies, and importers, with OEM/ODM support for project and retail programs.

Would it be useful if I send a short catalogue and capability sheet for cabinets, wardrobes, wood doors, and furniture packages?

Best regards,","Hi Freedom Kitchens team, this is [Your Name]. I saw that your company works with 厨房、衣柜、洗衣房、家居收纳. We manufacture custom cabinetry, wardrobes, wood doors, and export furniture. May I send a short catalogue and project reference?","Verified","人工确认后 2 个工作日内跟进","工作流规则：不编造 WhatsApp、邮箱、联系人；发送前人工核验来源和联系方式。"
"3","Wallspan Kitchens & Wardrobes","澳洲","Adelaide","https://www.wallspan.com.au/","Kitchen Company / Designer","厨房、衣柜、洗衣房、收纳","与全屋定制、橱柜、衣柜、木门或出口家具存在直接/相邻匹配。","https://www.wallspan.com.au/contact-us/","电话可核验WhatsApp","官网联系页核验；未发现可直接确认的公开 WhatsApp 号码","联系表单","未确认公开直邮；优先官网表单，邮箱为辅助补全","https://www.linkedin.com/search/results/companies/?keywords=Wallspan%20Kitchens%20%26%20Wardrobes","未公开","Procurement / Sourcing / Owner / Design Director / Project Manager","86","A","Wallspan Kitchens & Wardrobes 的公开业务与 厨房、衣柜、洗衣房、收纳 相关，客户类型为 Kitchen Company / Designer，适合按 A 级客户进入 CRM。","Subject: Wallspan Kitchens & Wardrobes and custom cabinetry supply

Hi Wallspan Kitchens & Wardrobes team,

I noticed that Wallspan Kitchens & Wardrobes works with 厨房、衣柜、洗衣房、收纳. We manufacture whole-house custom cabinetry, kitchen cabinets, wardrobes, wood doors, and export furniture for builders, designers, kitchen companies, and importers, with OEM/ODM support for project and retail programs.

Would it be useful if I send a short catalogue and capability sheet for cabinets, wardrobes, wood doors, and furniture packages?

Best regards,","Hi Wallspan Kitchens & Wardrobes team, this is [Your Name]. I saw that your company works with 厨房、衣柜、洗衣房、收纳. We manufacture custom cabinetry, wardrobes, wood doors, and export furniture. May I send a short catalogue and project reference?","Verified","人工确认后 2 个工作日内跟进","工作流规则：不编造 WhatsApp、邮箱、联系人；发送前人工核验来源和联系方式。"
"4","Kitchen Connection","澳洲","Brisbane","https://www.kitchenconnection.com.au/","Kitchen Company / Designer","厨房翻新、橱柜、设计服务","与全屋定制、橱柜、衣柜、木门或出口家具存在直接/相邻匹配。","https://www.kitchenconnection.com.au/contact-us/","电话可核验WhatsApp","官网联系页核验；未发现可直接确认的公开 WhatsApp 号码","联系表单","未确认公开直邮；优先官网表单，邮箱为辅助补全","https://www.linkedin.com/search/results/companies/?keywords=Kitchen%20Connection","未公开","Procurement / Sourcing / Owner / Design Director / Project Manager","85","A","Kitchen Connection 的公开业务与 厨房翻新、橱柜、设计服务 相关，客户类型为 Kitchen Company / Designer，适合按 A 级客户进入 CRM。","Subject: Kitchen Connection and custom cabinetry supply

Hi Kitchen Connection team,

I noticed that Kitchen Connection works with 厨房翻新、橱柜、设计服务. We manufacture whole-house custom cabinetry, kitchen cabinets, wardrobes, wood doors, and export furniture for builders, designers, kitchen companies, and importers, with OEM/ODM support for project and retail programs.

Would it be useful if I send a short catalogue and capability sheet for cabinets, wardrobes, wood doors, and furniture packages?

Best regards,","Hi Kitchen Connection team, this is [Your Name]. I saw that your company works with 厨房翻新、橱柜、设计服务. We manufacture custom cabinetry, wardrobes, wood doors, and export furniture. May I send a short catalogue and project reference?","Verified","人工确认后 2 个工作日内跟进","工作流规则：不编造 WhatsApp、邮箱、联系人；发送前人工核验来源和联系方式。"
"5","Apollo Kitchens","澳洲","Sydney","https://www.apollokitchens.com.au/","Kitchen Company / Builder Supplier","厨房、joinery、住宅和商业项目","与全屋定制、橱柜、衣柜、木门或出口家具存在直接/相邻匹配。","https://www.apollokitchens.com.au/contact-us/","电话可核验WhatsApp","官网联系页核验；未发现可直接确认的公开 WhatsApp 号码","联系表单","未确认公开直邮；优先官网表单，邮箱为辅助补全","https://www.linkedin.com/search/results/companies/?keywords=Apollo%20Kitchens","未公开","Procurement / Sourcing / Owner / Design Director / Project Manager","84","B","Apollo Kitchens 的公开业务与 厨房、joinery、住宅和商业项目 相关，客户类型为 Kitchen Company / Builder Supplier，适合按 B 级客户进入 CRM。","Subject: Apollo Kitchens and custom cabinetry supply

Hi Apollo Kitchens team,

I noticed that Apollo Kitchens works with 厨房、joinery、住宅和商业项目. We manufacture whole-house custom cabinetry, kitchen cabinets, wardrobes, wood doors, and export furniture for builders, designers, kitchen companies, and importers, with OEM/ODM support for project and retail programs.

Would it be useful if I send a short catalogue and capability sheet for cabinets, wardrobes, wood doors, and furniture packages?

Best regards,","Hi Apollo Kitchens team, this is [Your Name]. I saw that your company works with 厨房、joinery、住宅和商业项目. We manufacture custom cabinetry, wardrobes, wood doors, and export furniture. May I send a short catalogue and project reference?","Verified","人工确认后 2 个工作日内跟进","工作流规则：不编造 WhatsApp、邮箱、联系人；发送前人工核验来源和联系方式。"
"6","Kaboodle Kitchen","澳洲","Melbourne","https://www.kaboodle.com.au/","Kitchen Company / Importer","平板包装厨房、橱柜、门板","与全屋定制、橱柜、衣柜、木门或出口家具存在直接/相邻匹配。","https://www.kaboodle.com.au/contact-us","电话可核验WhatsApp","官网联系页核验；未发现可直接确认的公开 WhatsApp 号码","联系表单","未确认公开直邮；优先官网表单，邮箱为辅助补全","https://www.linkedin.com/search/results/companies/?keywords=Kaboodle%20Kitchen","未公开","Procurement / Sourcing / Owner / Design Director / Project Manager","84","B","Kaboodle Kitchen 的公开业务与 平板包装厨房、橱柜、门板 相关，客户类型为 Kitchen Company / Importer，适合按 B 级客户进入 CRM。","Subject: Kaboodle Kitchen and custom cabinetry supply

Hi Kaboodle Kitchen team,

I noticed that Kaboodle Kitchen works with 平板包装厨房、橱柜、门板. We manufacture whole-house custom cabinetry, kitchen cabinets, wardrobes, wood doors, and export furniture for builders, designers, kitchen companies, and importers, with OEM/ODM support for project and retail programs.

Would it be useful if I send a short catalogue and capability sheet for cabinets, wardrobes, wood doors, and furniture packages?

Best regards,","Hi Kaboodle Kitchen team, this is [Your Name]. I saw that your company works with 平板包装厨房、橱柜、门板. We manufacture custom cabinetry, wardrobes, wood doors, and export furniture. May I send a short catalogue and project reference?","Verified","人工确认后 2 个工作日内跟进","工作流规则：不编造 WhatsApp、邮箱、联系人；发送前人工核验来源和联系方式。"
"7","Bunnings","澳洲","Melbourne","https://www.bunnings.com.au/","Importer / Retailer","建材、厨房、门、衣柜、家具相关品类","与全屋定制、橱柜、衣柜、木门或出口家具存在直接/相邻匹配。","https://www.bunnings.com.au/contact-us","电话可核验WhatsApp","官网联系页核验；未发现可直接确认的公开 WhatsApp 号码","联系表单","未确认公开直邮；优先官网表单，邮箱为辅助补全","https://www.linkedin.com/search/results/companies/?keywords=Bunnings","未公开","Procurement / Sourcing / Owner / Design Director / Project Manager","82","B","Bunnings 的公开业务与 建材、厨房、门、衣柜、家具相关品类 相关，客户类型为 Importer / Retailer，适合按 B 级客户进入 CRM。","Subject: Bunnings and custom cabinetry supply

Hi Bunnings team,

I noticed that Bunnings works with 建材、厨房、门、衣柜、家具相关品类. We manufacture whole-house custom cabinetry, kitchen cabinets, wardrobes, wood doors, and export furniture for builders, designers, kitchen companies, and importers, with OEM/ODM support for project and retail programs.

Would it be useful if I send a short catalogue and capability sheet for cabinets, wardrobes, wood doors, and furniture packages?

Best regards,","Hi Bunnings team, this is [Your Name]. I saw that your company works with 建材、厨房、门、衣柜、家具相关品类. We manufacture custom cabinetry, wardrobes, wood doors, and export furniture. May I send a short catalogue and project reference?","Verified","人工确认后 2 个工作日内跟进","工作流规则：不编造 WhatsApp、邮箱、联系人；发送前人工核验来源和联系方式。"
"8","Harrington Kitchens","澳洲","Sydney","https://www.harringtonkitchens.com.au/","Kitchen Company / Designer","厨房、洗衣房、浴室柜、定制 joinery","与全屋定制、橱柜、衣柜、木门或出口家具存在直接/相邻匹配。","https://www.harringtonkitchens.com.au/contact/","电话可核验WhatsApp","官网联系页核验；未发现可直接确认的公开 WhatsApp 号码","联系表单","未确认公开直邮；优先官网表单，邮箱为辅助补全","https://www.linkedin.com/search/results/companies/?keywords=Harrington%20Kitchens","未公开","Procurement / Sourcing / Owner / Design Director / Project Manager","82","B","Harrington Kitchens 的公开业务与 厨房、洗衣房、浴室柜、定制 joinery 相关，客户类型为 Kitchen Company / Designer，适合按 B 级客户进入 CRM。","Subject: Harrington Kitchens and custom cabinetry supply

Hi Harrington Kitchens team,

I noticed that Harrington Kitchens works with 厨房、洗衣房、浴室柜、定制 joinery. We manufacture whole-house custom cabinetry, kitchen cabinets, wardrobes, wood doors, and export furniture for builders, designers, kitchen companies, and importers, with OEM/ODM support for project and retail programs.

Would it be useful if I send a short catalogue and capability sheet for cabinets, wardrobes, wood doors, and furniture packages?

Best regards,","Hi Harrington Kitchens team, this is [Your Name]. I saw that your company works with 厨房、洗衣房、浴室柜、定制 joinery. We manufacture custom cabinetry, wardrobes, wood doors, and export furniture. May I send a short catalogue and project reference?","Verified","人工确认后 2 个工作日内跟进","工作流规则：不编造 WhatsApp、邮箱、联系人；发送前人工核验来源和联系方式。"
"9","Carrera By Design","澳洲","Sydney","https://www.carrerabydesign.com.au/","Designer / Kitchen Company","设计型厨房、浴室、衣柜、joinery","与全屋定制、橱柜、衣柜、木门或出口家具存在直接/相邻匹配。","https://www.carrerabydesign.com.au/contact/","电话可核验WhatsApp","官网联系页核验；未发现可直接确认的公开 WhatsApp 号码","联系表单","未确认公开直邮；优先官网表单，邮箱为辅助补全","https://www.linkedin.com/search/results/companies/?keywords=Carrera%20By%20Design","未公开","Procurement / Sourcing / Owner / Design Director / Project Manager","82","B","Carrera By Design 的公开业务与 设计型厨房、浴室、衣柜、joinery 相关，客户类型为 Designer / Kitchen Company，适合按 B 级客户进入 CRM。","Subject: Carrera By Design and custom cabinetry supply

Hi Carrera By Design team,

I noticed that Carrera By Design works with 设计型厨房、浴室、衣柜、joinery. We manufacture whole-house custom cabinetry, kitchen cabinets, wardrobes, wood doors, and export furniture for builders, designers, kitchen companies, and importers, with OEM/ODM support for project and retail programs.

Would it be useful if I send a short catalogue and capability sheet for cabinets, wardrobes, wood doors, and furniture packages?

Best regards,","Hi Carrera By Design team, this is [Your Name]. I saw that your company works with 设计型厨房、浴室、衣柜、joinery. We manufacture custom cabinetry, wardrobes, wood doors, and export furniture. May I send a short catalogue and project reference?","Verified","人工确认后 2 个工作日内跟进","工作流规则：不编造 WhatsApp、邮箱、联系人；发送前人工核验来源和联系方式。"
"10","Metricon Homes","澳洲","Melbourne","https://www.metricon.com.au/","Builder","住宅建造、厨房、衣柜、木门需求","与全屋定制、橱柜、衣柜、木门或出口家具存在直接/相邻匹配。","https://www.metricon.com.au/contact-us","电话可核验WhatsApp","官网联系页核验；未发现可直接确认的公开 WhatsApp 号码","联系表单","未确认公开直邮；优先官网表单，邮箱为辅助补全","https://www.linkedin.com/search/results/companies/?keywords=Metricon%20Homes","未公开","Procurement / Sourcing / Owner / Design Director / Project Manager","82","B","Metricon Homes 的公开业务与 住宅建造、厨房、衣柜、木门需求 相关，客户类型为 Builder，适合按 B 级客户进入 CRM。","Subject: Metricon Homes and custom cabinetry supply

Hi Metricon Homes team,

I noticed that Metricon Homes works with 住宅建造、厨房、衣柜、木门需求. We manufacture whole-house custom cabinetry, kitchen cabinets, wardrobes, wood doors, and export furniture for builders, designers, kitchen companies, and importers, with OEM/ODM support for project and retail programs.

Would it be useful if I send a short catalogue and capability sheet for cabinets, wardrobes, wood doors, and furniture packages?

Best regards,","Hi Metricon Homes team, this is [Your Name]. I saw that your company works with 住宅建造、厨房、衣柜、木门需求. We manufacture custom cabinetry, wardrobes, wood doors, and export furniture. May I send a short catalogue and project reference?","Verified","人工确认后 2 个工作日内跟进","工作流规则：不编造 WhatsApp、邮箱、联系人；发送前人工核验来源和联系方式。"
"11","Hafele Australia","澳洲","National","https://www.hafele.com.au/","Importer / Distributor","家具五金、橱柜五金、厨房收纳","与全屋定制、橱柜、衣柜、木门或出口家具存在直接/相邻匹配。","https://www.hafele.com.au/en/info/contact/578/","电话可核验WhatsApp","官网联系页核验；未发现可直接确认的公开 WhatsApp 号码","联系表单","未确认公开直邮；优先官网表单，邮箱为辅助补全","https://www.linkedin.com/search/results/companies/?keywords=Hafele%20Australia","未公开","Procurement / Sourcing / Owner / Design Director / Project Manager","81","B","Hafele Australia 的公开业务与 家具五金、橱柜五金、厨房收纳 相关，客户类型为 Importer / Distributor，适合按 B 级客户进入 CRM。","Subject: Hafele Australia and custom cabinetry supply

Hi Hafele Australia team,

I noticed that Hafele Australia works with 家具五金、橱柜五金、厨房收纳. We manufacture whole-house custom cabinetry, kitchen cabinets, wardrobes, wood doors, and export furniture for builders, designers, kitchen companies, and importers, with OEM/ODM support for project and retail programs.

Would it be useful if I send a short catalogue and capability sheet for cabinets, wardrobes, wood doors, and furniture packages?

Best regards,","Hi Hafele Australia team, this is [Your Name]. I saw that your company works with 家具五金、橱柜五金、厨房收纳. We manufacture custom cabinetry, wardrobes, wood doors, and export furniture. May I send a short catalogue and project reference?","Verified","人工确认后 2 个工作日内跟进","工作流规则：不编造 WhatsApp、邮箱、联系人；发送前人工核验来源和联系方式。"
"12","Impala Kitchens","澳洲","Sydney","https://www.impalakitchens.com.au/","Kitchen Company / Designer","厨房、浴室、洗衣房、定制 joinery","与全屋定制、橱柜、衣柜、木门或出口家具存在直接/相邻匹配。","https://www.impalakitchens.com.au/contact-us/","电话可核验WhatsApp","官网联系页核验；未发现可直接确认的公开 WhatsApp 号码","联系表单","未确认公开直邮；优先官网表单，邮箱为辅助补全","https://www.linkedin.com/search/results/companies/?keywords=Impala%20Kitchens","未公开","Procurement / Sourcing / Owner / Design Director / Project Manager","81","B","Impala Kitchens 的公开业务与 厨房、浴室、洗衣房、定制 joinery 相关，客户类型为 Kitchen Company / Designer，适合按 B 级客户进入 CRM。","Subject: Impala Kitchens and custom cabinetry supply

Hi Impala Kitchens team,

I noticed that Impala Kitchens works with 厨房、浴室、洗衣房、定制 joinery. We manufacture whole-house custom cabinetry, kitchen cabinets, wardrobes, wood doors, and export furniture for builders, designers, kitchen companies, and importers, with OEM/ODM support for project and retail programs.

Would it be useful if I send a short catalogue and capability sheet for cabinets, wardrobes, wood doors, and furniture packages?

Best regards,","Hi Impala Kitchens team, this is [Your Name]. I saw that your company works with 厨房、浴室、洗衣房、定制 joinery. We manufacture custom cabinetry, wardrobes, wood doors, and export furniture. May I send a short catalogue and project reference?","Verified","人工确认后 2 个工作日内跟进","工作流规则：不编造 WhatsApp、邮箱、联系人；发送前人工核验来源和联系方式。"
"13","Lincoln Sentry","澳洲","National","https://www.lincolnsentry.com.au/","Importer / Distributor","橱柜五金、板材、门类配件","与全屋定制、橱柜、衣柜、木门或出口家具存在直接/相邻匹配。","https://www.lincolnsentry.com.au/contact-us","电话可核验WhatsApp","官网联系页核验；未发现可直接确认的公开 WhatsApp 号码","联系表单","未确认公开直邮；优先官网表单，邮箱为辅助补全","https://www.linkedin.com/search/results/companies/?keywords=Lincoln%20Sentry","未公开","Procurement / Sourcing / Owner / Design Director / Project Manager","82","B","Lincoln Sentry 的公开业务与 橱柜五金、板材、门类配件 相关，客户类型为 Importer / Distributor，适合按 B 级客户进入 CRM。","Subject: Lincoln Sentry and custom cabinetry supply

Hi Lincoln Sentry team,

I noticed that Lincoln Sentry works with 橱柜五金、板材、门类配件. We manufacture whole-house custom cabinetry, kitchen cabinets, wardrobes, wood doors, and export furniture for builders, designers, kitchen companies, and importers, with OEM/ODM support for project and retail programs.

Would it be useful if I send a short catalogue and capability sheet for cabinets, wardrobes, wood doors, and furniture packages?

Best regards,","Hi Lincoln Sentry team, this is [Your Name]. I saw that your company works with 橱柜五金、板材、门类配件. We manufacture custom cabinetry, wardrobes, wood doors, and export furniture. May I send a short catalogue and project reference?","Verified","人工确认后 2 个工作日内跟进","工作流规则：不编造 WhatsApp、邮箱、联系人；发送前人工核验来源和联系方式。"
"14","Wilson & Bradley","澳洲","National","https://www.wilbrad.com.au/","Importer / Distributor","厨房、衣柜和家具五金","与全屋定制、橱柜、衣柜、木门或出口家具存在直接/相邻匹配。","https://www.wilbrad.com.au/contact-us/","电话可核验WhatsApp","官网联系页核验；未发现可直接确认的公开 WhatsApp 号码","联系表单","未确认公开直邮；优先官网表单，邮箱为辅助补全","https://www.linkedin.com/search/results/companies/?keywords=Wilson%20%26%20Bradley","未公开","Procurement / Sourcing / Owner / Design Director / Project Manager","80","B","Wilson & Bradley 的公开业务与 厨房、衣柜和家具五金 相关，客户类型为 Importer / Distributor，适合按 B 级客户进入 CRM。","Subject: Wilson & Bradley and custom cabinetry supply

Hi Wilson & Bradley team,

I noticed that Wilson & Bradley works with 厨房、衣柜和家具五金. We manufacture whole-house custom cabinetry, kitchen cabinets, wardrobes, wood doors, and export furniture for builders, designers, kitchen companies, and importers, with OEM/ODM support for project and retail programs.

Would it be useful if I send a short catalogue and capability sheet for cabinets, wardrobes, wood doors, and furniture packages?

Best regards,","Hi Wilson & Bradley team, this is [Your Name]. I saw that your company works with 厨房、衣柜和家具五金. We manufacture custom cabinetry, wardrobes, wood doors, and export furniture. May I send a short catalogue and project reference?","Verified","人工确认后 2 个工作日内跟进","工作流规则：不编造 WhatsApp、邮箱、联系人；发送前人工核验来源和联系方式。"
"15","Collaroy Kitchen Centre","澳洲","Sydney","https://www.collaroykitchencentre.com.au/","Kitchen Company / Designer","厨房、洗衣房、衣柜、浴室","与全屋定制、橱柜、衣柜、木门或出口家具存在直接/相邻匹配。","https://www.collaroykitchencentre.com.au/contact-us/","电话可核验WhatsApp","官网联系页核验；未发现可直接确认的公开 WhatsApp 号码","联系表单","未确认公开直邮；优先官网表单，邮箱为辅助补全","https://www.linkedin.com/search/results/companies/?keywords=Collaroy%20Kitchen%20Centre","未公开","Procurement / Sourcing / Owner / Design Director / Project Manager","83","B","Collaroy Kitchen Centre 的公开业务与 厨房、洗衣房、衣柜、浴室 相关，客户类型为 Kitchen Company / Designer，适合按 B 级客户进入 CRM。","Subject: Collaroy Kitchen Centre and custom cabinetry supply

Hi Collaroy Kitchen Centre team,

I noticed that Collaroy Kitchen Centre works with 厨房、洗衣房、衣柜、浴室. We manufacture whole-house custom cabinetry, kitchen cabinets, wardrobes, wood doors, and export furniture for builders, designers, kitchen companies, and importers, with OEM/ODM support for project and retail programs.

Would it be useful if I send a short catalogue and capability sheet for cabinets, wardrobes, wood doors, and furniture packages?

Best regards,","Hi Collaroy Kitchen Centre team, this is [Your Name]. I saw that your company works with 厨房、洗衣房、衣柜、浴室. We manufacture custom cabinetry, wardrobes, wood doors, and export furniture. May I send a short catalogue and project reference?","Verified","人工确认后 2 个工作日内跟进","工作流规则：不编造 WhatsApp、邮箱、联系人；发送前人工核验来源和联系方式。"
"16","Rosemount Kitchens","澳洲","Melbourne","https://www.rosemountkitchens.com.au/","Kitchen Company / Designer","厨房、洗衣房、衣柜","与全屋定制、橱柜、衣柜、木门或出口家具存在直接/相邻匹配。","https://www.rosemountkitchens.com.au/contact-us/","电话可核验WhatsApp","官网联系页核验；未发现可直接确认的公开 WhatsApp 号码","联系表单","未确认公开直邮；优先官网表单，邮箱为辅助补全","https://www.linkedin.com/search/results/companies/?keywords=Rosemount%20Kitchens","未公开","Procurement / Sourcing / Owner / Design Director / Project Manager","80","B","Rosemount Kitchens 的公开业务与 厨房、洗衣房、衣柜 相关，客户类型为 Kitchen Company / Designer，适合按 B 级客户进入 CRM。","Subject: Rosemount Kitchens and custom cabinetry supply

Hi Rosemount Kitchens team,

I noticed that Rosemount Kitchens works with 厨房、洗衣房、衣柜. We manufacture whole-house custom cabinetry, kitchen cabinets, wardrobes, wood doors, and export furniture for builders, designers, kitchen companies, and importers, with OEM/ODM support for project and retail programs.

Would it be useful if I send a short catalogue and capability sheet for cabinets, wardrobes, wood doors, and furniture packages?

Best regards,","Hi Rosemount Kitchens team, this is [Your Name]. I saw that your company works with 厨房、洗衣房、衣柜. We manufacture custom cabinetry, wardrobes, wood doors, and export furniture. May I send a short catalogue and project reference?","Verified","人工确认后 2 个工作日内跟进","工作流规则：不编造 WhatsApp、邮箱、联系人；发送前人工核验来源和联系方式。"
"17","Wonderful Kitchens","澳洲","Sydney","https://wonderfulkitchens.com.au/","Kitchen Company / Designer","定制厨房、橱柜、细木作","与全屋定制、橱柜、衣柜、木门或出口家具存在直接/相邻匹配。","https://wonderfulkitchens.com.au/contact/","电话可核验WhatsApp","官网联系页核验；未发现可直接确认的公开 WhatsApp 号码","联系表单","未确认公开直邮；优先官网表单，邮箱为辅助补全","https://www.linkedin.com/search/results/companies/?keywords=Wonderful%20Kitchens","未公开","Procurement / Sourcing / Owner / Design Director / Project Manager","80","B","Wonderful Kitchens 的公开业务与 定制厨房、橱柜、细木作 相关，客户类型为 Kitchen Company / Designer，适合按 B 级客户进入 CRM。","Subject: Wonderful Kitchens and custom cabinetry supply

Hi Wonderful Kitchens team,

I noticed that Wonderful Kitchens works with 定制厨房、橱柜、细木作. We manufacture whole-house custom cabinetry, kitchen cabinets, wardrobes, wood doors, and export furniture for builders, designers, kitchen companies, and importers, with OEM/ODM support for project and retail programs.

Would it be useful if I send a short catalogue and capability sheet for cabinets, wardrobes, wood doors, and furniture packages?

Best regards,","Hi Wonderful Kitchens team, this is [Your Name]. I saw that your company works with 定制厨房、橱柜、细木作. We manufacture custom cabinetry, wardrobes, wood doors, and export furniture. May I send a short catalogue and project reference?","Verified","人工确认后 2 个工作日内跟进","工作流规则：不编造 WhatsApp、邮箱、联系人；发送前人工核验来源和联系方式。"
"18","Farquhar Kitchens","澳洲","Adelaide","https://farquhar.com.au/","Kitchen Company / Designer","厨房、衣柜、洗衣房、定制家具","与全屋定制、橱柜、衣柜、木门或出口家具存在直接/相邻匹配。","https://farquhar.com.au/contact/","电话可核验WhatsApp","官网联系页核验；未发现可直接确认的公开 WhatsApp 号码","联系表单","未确认公开直邮；优先官网表单，邮箱为辅助补全","https://www.linkedin.com/search/results/companies/?keywords=Farquhar%20Kitchens","未公开","Procurement / Sourcing / Owner / Design Director / Project Manager","82","B","Farquhar Kitchens 的公开业务与 厨房、衣柜、洗衣房、定制家具 相关，客户类型为 Kitchen Company / Designer，适合按 B 级客户进入 CRM。","Subject: Farquhar Kitchens and custom cabinetry supply

Hi Farquhar Kitchens team,

I noticed that Farquhar Kitchens works with 厨房、衣柜、洗衣房、定制家具. We manufacture whole-house custom cabinetry, kitchen cabinets, wardrobes, wood doors, and export furniture for builders, designers, kitchen companies, and importers, with OEM/ODM support for project and retail programs.

Would it be useful if I send a short catalogue and capability sheet for cabinets, wardrobes, wood doors, and furniture packages?

Best regards,","Hi Farquhar Kitchens team, this is [Your Name]. I saw that your company works with 厨房、衣柜、洗衣房、定制家具. We manufacture custom cabinetry, wardrobes, wood doors, and export furniture. May I send a short catalogue and project reference?","Verified","人工确认后 2 个工作日内跟进","工作流规则：不编造 WhatsApp、邮箱、联系人；发送前人工核验来源和联系方式。"
"19","Stegbar","澳洲","National","https://www.stegbar.com.au/","Builder Supplier","门窗、衣柜、淋浴屏","与全屋定制、橱柜、衣柜、木门或出口家具存在直接/相邻匹配。","https://www.stegbar.com.au/contact-us/","电话可核验WhatsApp","官网联系页核验；未发现可直接确认的公开 WhatsApp 号码","联系表单","未确认公开直邮；优先官网表单，邮箱为辅助补全","https://www.linkedin.com/search/results/companies/?keywords=Stegbar","未公开","Procurement / Sourcing / Owner / Design Director / Project Manager","79","B","Stegbar 的公开业务与 门窗、衣柜、淋浴屏 相关，客户类型为 Builder Supplier，适合按 B 级客户进入 CRM。","Subject: Stegbar and custom cabinetry supply

Hi Stegbar team,

I noticed that Stegbar works with 门窗、衣柜、淋浴屏. We manufacture whole-house custom cabinetry, kitchen cabinets, wardrobes, wood doors, and export furniture for builders, designers, kitchen companies, and importers, with OEM/ODM support for project and retail programs.

Would it be useful if I send a short catalogue and capability sheet for cabinets, wardrobes, wood doors, and furniture packages?

Best regards,","Hi Stegbar team, this is [Your Name]. I saw that your company works with 门窗、衣柜、淋浴屏. We manufacture custom cabinetry, wardrobes, wood doors, and export furniture. May I send a short catalogue and project reference?","Verified","人工确认后 2 个工作日内跟进","工作流规则：不编造 WhatsApp、邮箱、联系人；发送前人工核验来源和联系方式。"
"20","Nobby Kitchens","澳洲","Sydney","https://www.nobbykitchens.com.au/","Kitchen Company / Designer","厨房翻新、橱柜、设计服务","与全屋定制、橱柜、衣柜、木门或出口家具存在直接/相邻匹配。","https://www.nobbykitchens.com.au/contact/","电话可核验WhatsApp","官网联系页核验；未发现可直接确认的公开 WhatsApp 号码","联系表单","未确认公开直邮；优先官网表单，邮箱为辅助补全","https://www.linkedin.com/search/results/companies/?keywords=Nobby%20Kitchens","未公开","Procurement / Sourcing / Owner / Design Director / Project Manager","79","B","Nobby Kitchens 的公开业务与 厨房翻新、橱柜、设计服务 相关，客户类型为 Kitchen Company / Designer，适合按 B 级客户进入 CRM。","Subject: Nobby Kitchens and custom cabinetry supply

Hi Nobby Kitchens team,

I noticed that Nobby Kitchens works with 厨房翻新、橱柜、设计服务. We manufacture whole-house custom cabinetry, kitchen cabinets, wardrobes, wood doors, and export furniture for builders, designers, kitchen companies, and importers, with OEM/ODM support for project and retail programs.

Would it be useful if I send a short catalogue and capability sheet for cabinets, wardrobes, wood doors, and furniture packages?

Best regards,","Hi Nobby Kitchens team, this is [Your Name]. I saw that your company works with 厨房翻新、橱柜、设计服务. We manufacture custom cabinetry, wardrobes, wood doors, and export furniture. May I send a short catalogue and project reference?","Verified","人工确认后 2 个工作日内跟进","工作流规则：不编造 WhatsApp、邮箱、联系人；发送前人工核验来源和联系方式。"
"21","Premier Kitchens","澳洲","Sydney","https://premierkitchens.com.au/","Kitchen Company / Designer","定制厨房、橱柜、joinery","与全屋定制、橱柜、衣柜、木门或出口家具存在直接/相邻匹配。","https://premierkitchens.com.au/contact/","电话可核验WhatsApp","官网联系页核验；未发现可直接确认的公开 WhatsApp 号码","联系表单","未确认公开直邮；优先官网表单，邮箱为辅助补全","https://www.linkedin.com/search/results/companies/?keywords=Premier%20Kitchens","未公开","Procurement / Sourcing / Owner / Design Director / Project Manager","79","B","Premier Kitchens 的公开业务与 定制厨房、橱柜、joinery 相关，客户类型为 Kitchen Company / Designer，适合按 B 级客户进入 CRM。","Subject: Premier Kitchens and custom cabinetry supply

Hi Premier Kitchens team,

I noticed that Premier Kitchens works with 定制厨房、橱柜、joinery. We manufacture whole-house custom cabinetry, kitchen cabinets, wardrobes, wood doors, and export furniture for builders, designers, kitchen companies, and importers, with OEM/ODM support for project and retail programs.

Would it be useful if I send a short catalogue and capability sheet for cabinets, wardrobes, wood doors, and furniture packages?

Best regards,","Hi Premier Kitchens team, this is [Your Name]. I saw that your company works with 定制厨房、橱柜、joinery. We manufacture custom cabinetry, wardrobes, wood doors, and export furniture. May I send a short catalogue and project reference?","Verified","人工确认后 2 个工作日内跟进","工作流规则：不编造 WhatsApp、邮箱、联系人；发送前人工核验来源和联系方式。"
"22","The Maker Designer Kitchens","澳洲","Perth","https://www.themaker.com.au/","Kitchen Company / Designer","设计师厨房、橱柜、joinery","与全屋定制、橱柜、衣柜、木门或出口家具存在直接/相邻匹配。","https://www.themaker.com.au/contact/","电话可核验WhatsApp","官网联系页核验；未发现可直接确认的公开 WhatsApp 号码","联系表单","未确认公开直邮；优先官网表单，邮箱为辅助补全","https://www.linkedin.com/search/results/companies/?keywords=The%20Maker%20Designer%20Kitchens","未公开","Procurement / Sourcing / Owner / Design Director / Project Manager","79","B","The Maker Designer Kitchens 的公开业务与 设计师厨房、橱柜、joinery 相关，客户类型为 Kitchen Company / Designer，适合按 B 级客户进入 CRM。","Subject: The Maker Designer Kitchens and custom cabinetry supply

Hi The Maker Designer Kitchens team,

I noticed that The Maker Designer Kitchens works with 设计师厨房、橱柜、joinery. We manufacture whole-house custom cabinetry, kitchen cabinets, wardrobes, wood doors, and export furniture for builders, designers, kitchen companies, and importers, with OEM/ODM support for project and retail programs.

Would it be useful if I send a short catalogue and capability sheet for cabinets, wardrobes, wood doors, and furniture packages?

Best regards,","Hi The Maker Designer Kitchens team, this is [Your Name]. I saw that your company works with 设计师厨房、橱柜、joinery. We manufacture custom cabinetry, wardrobes, wood doors, and export furniture. May I send a short catalogue and project reference?","Verified","人工确认后 2 个工作日内跟进","工作流规则：不编造 WhatsApp、邮箱、联系人；发送前人工核验来源和联系方式。"
"23","Kitchen Shack","澳洲","Melbourne","https://www.kitchenshack.com.au/","Kitchen Company / Importer","厨房橱柜、平价厨房、翻新","与全屋定制、橱柜、衣柜、木门或出口家具存在直接/相邻匹配。","https://www.kitchenshack.com.au/contact-us/","电话可核验WhatsApp","官网联系页核验；未发现可直接确认的公开 WhatsApp 号码","联系表单","未确认公开直邮；优先官网表单，邮箱为辅助补全","https://www.linkedin.com/search/results/companies/?keywords=Kitchen%20Shack","未公开","Procurement / Sourcing / Owner / Design Director / Project Manager","78","B","Kitchen Shack 的公开业务与 厨房橱柜、平价厨房、翻新 相关，客户类型为 Kitchen Company / Importer，适合按 B 级客户进入 CRM。","Subject: Kitchen Shack and custom cabinetry supply

Hi Kitchen Shack team,

I noticed that Kitchen Shack works with 厨房橱柜、平价厨房、翻新. We manufacture whole-house custom cabinetry, kitchen cabinets, wardrobes, wood doors, and export furniture for builders, designers, kitchen companies, and importers, with OEM/ODM support for project and retail programs.

Would it be useful if I send a short catalogue and capability sheet for cabinets, wardrobes, wood doors, and furniture packages?

Best regards,","Hi Kitchen Shack team, this is [Your Name]. I saw that your company works with 厨房橱柜、平价厨房、翻新. We manufacture custom cabinetry, wardrobes, wood doors, and export furniture. May I send a short catalogue and project reference?","Verified","人工确认后 2 个工作日内跟进","工作流规则：不编造 WhatsApp、邮箱、联系人；发送前人工核验来源和联系方式。"
"24","Mint Kitchen Group","澳洲","Melbourne","https://mintkitchengroup.com.au/","Kitchen Company / Designer","厨房、浴室、洗衣房、室内设计","与全屋定制、橱柜、衣柜、木门或出口家具存在直接/相邻匹配。","https://mintkitchengroup.com.au/contact/","电话可核验WhatsApp","官网联系页核验；未发现可直接确认的公开 WhatsApp 号码","联系表单","未确认公开直邮；优先官网表单，邮箱为辅助补全","https://www.linkedin.com/search/results/companies/?keywords=Mint%20Kitchen%20Group","未公开","Procurement / Sourcing / Owner / Design Director / Project Manager","78","B","Mint Kitchen Group 的公开业务与 厨房、浴室、洗衣房、室内设计 相关，客户类型为 Kitchen Company / Designer，适合按 B 级客户进入 CRM。","Subject: Mint Kitchen Group and custom cabinetry supply

Hi Mint Kitchen Group team,

I noticed that Mint Kitchen Group works with 厨房、浴室、洗衣房、室内设计. We manufacture whole-house custom cabinetry, kitchen cabinets, wardrobes, wood doors, and export furniture for builders, designers, kitchen companies, and importers, with OEM/ODM support for project and retail programs.

Would it be useful if I send a short catalogue and capability sheet for cabinets, wardrobes, wood doors, and furniture packages?

Best regards,","Hi Mint Kitchen Group team, this is [Your Name]. I saw that your company works with 厨房、浴室、洗衣房、室内设计. We manufacture custom cabinetry, wardrobes, wood doors, and export furniture. May I send a short catalogue and project reference?","Verified","人工确认后 2 个工作日内跟进","工作流规则：不编造 WhatsApp、邮箱、联系人；发送前人工核验来源和联系方式。"
"25","Nouvelle Kitchens","澳洲","Sydney","https://www.nouvelle.com.au/","Kitchen Company / Designer","厨房、浴室、洗衣房、翻新","与全屋定制、橱柜、衣柜、木门或出口家具存在直接/相邻匹配。","https://www.nouvelle.com.au/contact/","电话可核验WhatsApp","官网联系页核验；未发现可直接确认的公开 WhatsApp 号码","联系表单","未确认公开直邮；优先官网表单，邮箱为辅助补全","https://www.linkedin.com/search/results/companies/?keywords=Nouvelle%20Kitchens","未公开","Procurement / Sourcing / Owner / Design Director / Project Manager","78","B","Nouvelle Kitchens 的公开业务与 厨房、浴室、洗衣房、翻新 相关，客户类型为 Kitchen Company / Designer，适合按 B 级客户进入 CRM。","Subject: Nouvelle Kitchens and custom cabinetry supply

Hi Nouvelle Kitchens team,

I noticed that Nouvelle Kitchens works with 厨房、浴室、洗衣房、翻新. We manufacture whole-house custom cabinetry, kitchen cabinets, wardrobes, wood doors, and export furniture for builders, designers, kitchen companies, and importers, with OEM/ODM support for project and retail programs.

Would it be useful if I send a short catalogue and capability sheet for cabinets, wardrobes, wood doors, and furniture packages?

Best regards,","Hi Nouvelle Kitchens team, this is [Your Name]. I saw that your company works with 厨房、浴室、洗衣房、翻新. We manufacture custom cabinetry, wardrobes, wood doors, and export furniture. May I send a short catalogue and project reference?","Verified","人工确认后 2 个工作日内跟进","工作流规则：不编造 WhatsApp、邮箱、联系人；发送前人工核验来源和联系方式。"
"26","Kitchen Craftsmen","澳洲","Perth","https://www.kitchencraftsmen.com.au/","Kitchen Company / Designer","厨房翻新、橱柜、收纳","与全屋定制、橱柜、衣柜、木门或出口家具存在直接/相邻匹配。","https://www.kitchencraftsmen.com.au/contact-us/","电话可核验WhatsApp","官网联系页核验；未发现可直接确认的公开 WhatsApp 号码","联系表单","未确认公开直邮；优先官网表单，邮箱为辅助补全","https://www.linkedin.com/search/results/companies/?keywords=Kitchen%20Craftsmen","未公开","Procurement / Sourcing / Owner / Design Director / Project Manager","77","B","Kitchen Craftsmen 的公开业务与 厨房翻新、橱柜、收纳 相关，客户类型为 Kitchen Company / Designer，适合按 B 级客户进入 CRM。","Subject: Kitchen Craftsmen and custom cabinetry supply

Hi Kitchen Craftsmen team,

I noticed that Kitchen Craftsmen works with 厨房翻新、橱柜、收纳. We manufacture whole-house custom cabinetry, kitchen cabinets, wardrobes, wood doors, and export furniture for builders, designers, kitchen companies, and importers, with OEM/ODM support for project and retail programs.

Would it be useful if I send a short catalogue and capability sheet for cabinets, wardrobes, wood doors, and furniture packages?

Best regards,","Hi Kitchen Craftsmen team, this is [Your Name]. I saw that your company works with 厨房翻新、橱柜、收纳. We manufacture custom cabinetry, wardrobes, wood doors, and export furniture. May I send a short catalogue and project reference?","Verified","人工确认后 2 个工作日内跟进","工作流规则：不编造 WhatsApp、邮箱、联系人；发送前人工核验来源和联系方式。"
"27","Carlisle Homes","澳洲","Melbourne","https://www.carlislehomes.com.au/","Builder","住宅建造、厨房和收纳配置","与全屋定制、橱柜、衣柜、木门或出口家具存在直接/相邻匹配。","https://www.carlislehomes.com.au/contact-us/","电话可核验WhatsApp","官网联系页核验；未发现可直接确认的公开 WhatsApp 号码","联系表单","未确认公开直邮；优先官网表单，邮箱为辅助补全","https://www.linkedin.com/search/results/companies/?keywords=Carlisle%20Homes","未公开","Procurement / Sourcing / Owner / Design Director / Project Manager","78","B","Carlisle Homes 的公开业务与 住宅建造、厨房和收纳配置 相关，客户类型为 Builder，适合按 B 级客户进入 CRM。","Subject: Carlisle Homes and custom cabinetry supply

Hi Carlisle Homes team,

I noticed that Carlisle Homes works with 住宅建造、厨房和收纳配置. We manufacture whole-house custom cabinetry, kitchen cabinets, wardrobes, wood doors, and export furniture for builders, designers, kitchen companies, and importers, with OEM/ODM support for project and retail programs.

Would it be useful if I send a short catalogue and capability sheet for cabinets, wardrobes, wood doors, and furniture packages?

Best regards,","Hi Carlisle Homes team, this is [Your Name]. I saw that your company works with 住宅建造、厨房和收纳配置. We manufacture custom cabinetry, wardrobes, wood doors, and export furniture. May I send a short catalogue and project reference?","Verified","人工确认后 2 个工作日内跟进","工作流规则：不编造 WhatsApp、邮箱、联系人；发送前人工核验来源和联系方式。"
"28","G.J. Gardner Homes Australia","澳洲","National","https://www.gjgardner.com.au/","Builder","住宅 builder，厨房、衣柜、木门需求","与全屋定制、橱柜、衣柜、木门或出口家具存在直接/相邻匹配。","https://www.gjgardner.com.au/contact-us/","电话可核验WhatsApp","官网联系页核验；未发现可直接确认的公开 WhatsApp 号码","联系表单","未确认公开直邮；优先官网表单，邮箱为辅助补全","https://www.linkedin.com/search/results/companies/?keywords=G.J.%20Gardner%20Homes%20Australia","未公开","Procurement / Sourcing / Owner / Design Director / Project Manager","78","B","G.J. Gardner Homes Australia 的公开业务与 住宅 builder，厨房、衣柜、木门需求 相关，客户类型为 Builder，适合按 B 级客户进入 CRM。","Subject: G.J. Gardner Homes Australia and custom cabinetry supply

Hi G.J. Gardner Homes Australia team,

I noticed that G.J. Gardner Homes Australia works with 住宅 builder，厨房、衣柜、木门需求. We manufacture whole-house custom cabinetry, kitchen cabinets, wardrobes, wood doors, and export furniture for builders, designers, kitchen companies, and importers, with OEM/ODM support for project and retail programs.

Would it be useful if I send a short catalogue and capability sheet for cabinets, wardrobes, wood doors, and furniture packages?

Best regards,","Hi G.J. Gardner Homes Australia team, this is [Your Name]. I saw that your company works with 住宅 builder，厨房、衣柜、木门需求. We manufacture custom cabinetry, wardrobes, wood doors, and export furniture. May I send a short catalogue and project reference?","Verified","人工确认后 2 个工作日内跟进","工作流规则：不编造 WhatsApp、邮箱、联系人；发送前人工核验来源和联系方式。"
"29","Simonds Homes","澳洲","Melbourne","https://www.simonds.com.au/","Builder","住宅 builder，厨房、衣柜、门类配套","与全屋定制、橱柜、衣柜、木门或出口家具存在直接/相邻匹配。","https://www.simonds.com.au/contact-us","电话可核验WhatsApp","官网联系页核验；未发现可直接确认的公开 WhatsApp 号码","联系表单","未确认公开直邮；优先官网表单，邮箱为辅助补全","https://www.linkedin.com/search/results/companies/?keywords=Simonds%20Homes","未公开","Procurement / Sourcing / Owner / Design Director / Project Manager","78","B","Simonds Homes 的公开业务与 住宅 builder，厨房、衣柜、门类配套 相关，客户类型为 Builder，适合按 B 级客户进入 CRM。","Subject: Simonds Homes and custom cabinetry supply

Hi Simonds Homes team,

I noticed that Simonds Homes works with 住宅 builder，厨房、衣柜、门类配套. We manufacture whole-house custom cabinetry, kitchen cabinets, wardrobes, wood doors, and export furniture for builders, designers, kitchen companies, and importers, with OEM/ODM support for project and retail programs.

Would it be useful if I send a short catalogue and capability sheet for cabinets, wardrobes, wood doors, and furniture packages?

Best regards,","Hi Simonds Homes team, this is [Your Name]. I saw that your company works with 住宅 builder，厨房、衣柜、门类配套. We manufacture custom cabinetry, wardrobes, wood doors, and export furniture. May I send a short catalogue and project reference?","Verified","人工确认后 2 个工作日内跟进","工作流规则：不编造 WhatsApp、邮箱、联系人；发送前人工核验来源和联系方式。"
"30","Webb & Brown-Neaves","澳洲","Perth","https://www.wbhomes.com.au/","Builder / Designer","高端住宅 builder，厨房、衣柜、木门需求","与全屋定制、橱柜、衣柜、木门或出口家具存在直接/相邻匹配。","https://www.wbhomes.com.au/contact-us/","电话可核验WhatsApp","官网联系页核验；未发现可直接确认的公开 WhatsApp 号码","联系表单","未确认公开直邮；优先官网表单，邮箱为辅助补全","https://www.linkedin.com/search/results/companies/?keywords=Webb%20%26%20Brown-Neaves","未公开","Procurement / Sourcing / Owner / Design Director / Project Manager","78","B","Webb & Brown-Neaves 的公开业务与 高端住宅 builder，厨房、衣柜、木门需求 相关，客户类型为 Builder / Designer，适合按 B 级客户进入 CRM。","Subject: Webb & Brown-Neaves and custom cabinetry supply

Hi Webb & Brown-Neaves team,

I noticed that Webb & Brown-Neaves works with 高端住宅 builder，厨房、衣柜、木门需求. We manufacture whole-house custom cabinetry, kitchen cabinets, wardrobes, wood doors, and export furniture for builders, designers, kitchen companies, and importers, with OEM/ODM support for project and retail programs.

Would it be useful if I send a short catalogue and capability sheet for cabinets, wardrobes, wood doors, and furniture packages?

Best regards,","Hi Webb & Brown-Neaves team, this is [Your Name]. I saw that your company works with 高端住宅 builder，厨房、衣柜、木门需求. We manufacture custom cabinetry, wardrobes, wood doors, and export furniture. May I send a short catalogue and project reference?","Verified","人工确认后 2 个工作日内跟进","工作流规则：不编造 WhatsApp、邮箱、联系人；发送前人工核验来源和联系方式。"
"31","Laminex Australia","澳洲","National","https://www.laminex.com.au/","Builder Supplier / Distributor","板材、装饰面、橱柜材料","与全屋定制、橱柜、衣柜、木门或出口家具存在直接/相邻匹配。","https://www.laminex.com.au/contact-us","电话可核验WhatsApp","官网联系页核验；未发现可直接确认的公开 WhatsApp 号码","联系表单","未确认公开直邮；优先官网表单，邮箱为辅助补全","https://www.linkedin.com/search/results/companies/?keywords=Laminex%20Australia","未公开","Procurement / Sourcing / Owner / Design Director / Project Manager","78","B","Laminex Australia 的公开业务与 板材、装饰面、橱柜材料 相关，客户类型为 Builder Supplier / Distributor，适合按 B 级客户进入 CRM。","Subject: Laminex Australia and custom cabinetry supply

Hi Laminex Australia team,

I noticed that Laminex Australia works with 板材、装饰面、橱柜材料. We manufacture whole-house custom cabinetry, kitchen cabinets, wardrobes, wood doors, and export furniture for builders, designers, kitchen companies, and importers, with OEM/ODM support for project and retail programs.

Would it be useful if I send a short catalogue and capability sheet for cabinets, wardrobes, wood doors, and furniture packages?

Best regards,","Hi Laminex Australia team, this is [Your Name]. I saw that your company works with 板材、装饰面、橱柜材料. We manufacture custom cabinetry, wardrobes, wood doors, and export furniture. May I send a short catalogue and project reference?","Verified","人工确认后 2 个工作日内跟进","工作流规则：不编造 WhatsApp、邮箱、联系人；发送前人工核验来源和联系方式。"
"32","Henley","澳洲","Melbourne","https://henley.com.au/","Builder","住宅建造、厨房、衣柜、木门需求","与全屋定制、橱柜、衣柜、木门或出口家具存在直接/相邻匹配。","https://henley.com.au/contact-us","电话可核验WhatsApp","官网联系页核验；未发现可直接确认的公开 WhatsApp 号码","联系表单","未确认公开直邮；优先官网表单，邮箱为辅助补全","https://www.linkedin.com/search/results/companies/?keywords=Henley","未公开","Procurement / Sourcing / Owner / Design Director / Project Manager","77","B","Henley 的公开业务与 住宅建造、厨房、衣柜、木门需求 相关，客户类型为 Builder，适合按 B 级客户进入 CRM。","Subject: Henley and custom cabinetry supply

Hi Henley team,

I noticed that Henley works with 住宅建造、厨房、衣柜、木门需求. We manufacture whole-house custom cabinetry, kitchen cabinets, wardrobes, wood doors, and export furniture for builders, designers, kitchen companies, and importers, with OEM/ODM support for project and retail programs.

Would it be useful if I send a short catalogue and capability sheet for cabinets, wardrobes, wood doors, and furniture packages?

Best regards,","Hi Henley team, this is [Your Name]. I saw that your company works with 住宅建造、厨房、衣柜、木门需求. We manufacture custom cabinetry, wardrobes, wood doors, and export furniture. May I send a short catalogue and project reference?","Verified","人工确认后 2 个工作日内跟进","工作流规则：不编造 WhatsApp、邮箱、联系人；发送前人工核验来源和联系方式。"
"33","Burbank","澳洲","Melbourne","https://www.burbank.com.au/","Builder","住宅建造、橱柜、衣柜、门类配套","与全屋定制、橱柜、衣柜、木门或出口家具存在直接/相邻匹配。","https://www.burbank.com.au/contact-us/","电话可核验WhatsApp","官网联系页核验；未发现可直接确认的公开 WhatsApp 号码","联系表单","未确认公开直邮；优先官网表单，邮箱为辅助补全","https://www.linkedin.com/search/results/companies/?keywords=Burbank","未公开","Procurement / Sourcing / Owner / Design Director / Project Manager","77","B","Burbank 的公开业务与 住宅建造、橱柜、衣柜、门类配套 相关，客户类型为 Builder，适合按 B 级客户进入 CRM。","Subject: Burbank and custom cabinetry supply

Hi Burbank team,

I noticed that Burbank works with 住宅建造、橱柜、衣柜、门类配套. We manufacture whole-house custom cabinetry, kitchen cabinets, wardrobes, wood doors, and export furniture for builders, designers, kitchen companies, and importers, with OEM/ODM support for project and retail programs.

Would it be useful if I send a short catalogue and capability sheet for cabinets, wardrobes, wood doors, and furniture packages?

Best regards,","Hi Burbank team, this is [Your Name]. I saw that your company works with 住宅建造、橱柜、衣柜、门类配套. We manufacture custom cabinetry, wardrobes, wood doors, and export furniture. May I send a short catalogue and project reference?","Verified","人工确认后 2 个工作日内跟进","工作流规则：不编造 WhatsApp、邮箱、联系人；发送前人工核验来源和联系方式。"
"34","Clarendon Homes","澳洲","Sydney","https://www.clarendon.com.au/","Builder","住宅 builder，厨房、衣柜、门类配套","与全屋定制、橱柜、衣柜、木门或出口家具存在直接/相邻匹配。","https://www.clarendon.com.au/contact-us","电话可核验WhatsApp","官网联系页核验；未发现可直接确认的公开 WhatsApp 号码","联系表单","未确认公开直邮；优先官网表单，邮箱为辅助补全","https://www.linkedin.com/search/results/companies/?keywords=Clarendon%20Homes","未公开","Procurement / Sourcing / Owner / Design Director / Project Manager","77","B","Clarendon Homes 的公开业务与 住宅 builder，厨房、衣柜、门类配套 相关，客户类型为 Builder，适合按 B 级客户进入 CRM。","Subject: Clarendon Homes and custom cabinetry supply

Hi Clarendon Homes team,

I noticed that Clarendon Homes works with 住宅 builder，厨房、衣柜、门类配套. We manufacture whole-house custom cabinetry, kitchen cabinets, wardrobes, wood doors, and export furniture for builders, designers, kitchen companies, and importers, with OEM/ODM support for project and retail programs.

Would it be useful if I send a short catalogue and capability sheet for cabinets, wardrobes, wood doors, and furniture packages?

Best regards,","Hi Clarendon Homes team, this is [Your Name]. I saw that your company works with 住宅 builder，厨房、衣柜、门类配套. We manufacture custom cabinetry, wardrobes, wood doors, and export furniture. May I send a short catalogue and project reference?","Verified","人工确认后 2 个工作日内跟进","工作流规则：不编造 WhatsApp、邮箱、联系人；发送前人工核验来源和联系方式。"
"35","Boutique Homes","澳洲","Melbourne","https://www.boutiquehomes.com.au/","Builder","住宅 builder，厨房、衣柜和门类需求","与全屋定制、橱柜、衣柜、木门或出口家具存在直接/相邻匹配。","https://www.boutiquehomes.com.au/contact-us/","电话可核验WhatsApp","官网联系页核验；未发现可直接确认的公开 WhatsApp 号码","联系表单","未确认公开直邮；优先官网表单，邮箱为辅助补全","https://www.linkedin.com/search/results/companies/?keywords=Boutique%20Homes","未公开","Procurement / Sourcing / Owner / Design Director / Project Manager","77","B","Boutique Homes 的公开业务与 住宅 builder，厨房、衣柜和门类需求 相关，客户类型为 Builder，适合按 B 级客户进入 CRM。","Subject: Boutique Homes and custom cabinetry supply

Hi Boutique Homes team,

I noticed that Boutique Homes works with 住宅 builder，厨房、衣柜和门类需求. We manufacture whole-house custom cabinetry, kitchen cabinets, wardrobes, wood doors, and export furniture for builders, designers, kitchen companies, and importers, with OEM/ODM support for project and retail programs.

Would it be useful if I send a short catalogue and capability sheet for cabinets, wardrobes, wood doors, and furniture packages?

Best regards,","Hi Boutique Homes team, this is [Your Name]. I saw that your company works with 住宅 builder，厨房、衣柜和门类需求. We manufacture custom cabinetry, wardrobes, wood doors, and export furniture. May I send a short catalogue and project reference?","Verified","人工确认后 2 个工作日内跟进","工作流规则：不编造 WhatsApp、邮箱、联系人；发送前人工核验来源和联系方式。"
"36","Smith & Smith Kitchens","澳洲","Melbourne","https://www.smithandsmith.com.au/","Kitchen Company / Designer","定制厨房、橱柜","与全屋定制、橱柜、衣柜、木门或出口家具存在直接/相邻匹配。","https://www.smithandsmith.com.au/contact/","电话可核验WhatsApp","官网联系页核验；未发现可直接确认的公开 WhatsApp 号码","联系表单","未确认公开直邮；优先官网表单，邮箱为辅助补全","https://www.linkedin.com/search/results/companies/?keywords=Smith%20%26%20Smith%20Kitchens","未公开","Procurement / Sourcing / Owner / Design Director / Project Manager","76","B","Smith & Smith Kitchens 的公开业务与 定制厨房、橱柜 相关，客户类型为 Kitchen Company / Designer，适合按 B 级客户进入 CRM。","Subject: Smith & Smith Kitchens and custom cabinetry supply

Hi Smith & Smith Kitchens team,

I noticed that Smith & Smith Kitchens works with 定制厨房、橱柜. We manufacture whole-house custom cabinetry, kitchen cabinets, wardrobes, wood doors, and export furniture for builders, designers, kitchen companies, and importers, with OEM/ODM support for project and retail programs.

Would it be useful if I send a short catalogue and capability sheet for cabinets, wardrobes, wood doors, and furniture packages?

Best regards,","Hi Smith & Smith Kitchens team, this is [Your Name]. I saw that your company works with 定制厨房、橱柜. We manufacture custom cabinetry, wardrobes, wood doors, and export furniture. May I send a short catalogue and project reference?","Verified","人工确认后 2 个工作日内跟进","工作流规则：不编造 WhatsApp、邮箱、联系人；发送前人工核验来源和联系方式。"
"37","Zesta Kitchens","澳洲","Melbourne","https://www.zestakitchens.com.au/","Kitchen Company / Designer","厨房翻新、橱柜","与全屋定制、橱柜、衣柜、木门或出口家具存在直接/相邻匹配。","https://www.zestakitchens.com.au/contact/","电话可核验WhatsApp","官网联系页核验；未发现可直接确认的公开 WhatsApp 号码","联系表单","未确认公开直邮；优先官网表单，邮箱为辅助补全","https://www.linkedin.com/search/results/companies/?keywords=Zesta%20Kitchens","未公开","Procurement / Sourcing / Owner / Design Director / Project Manager","76","B","Zesta Kitchens 的公开业务与 厨房翻新、橱柜 相关，客户类型为 Kitchen Company / Designer，适合按 B 级客户进入 CRM。","Subject: Zesta Kitchens and custom cabinetry supply

Hi Zesta Kitchens team,

I noticed that Zesta Kitchens works with 厨房翻新、橱柜. We manufacture whole-house custom cabinetry, kitchen cabinets, wardrobes, wood doors, and export furniture for builders, designers, kitchen companies, and importers, with OEM/ODM support for project and retail programs.

Would it be useful if I send a short catalogue and capability sheet for cabinets, wardrobes, wood doors, and furniture packages?

Best regards,","Hi Zesta Kitchens team, this is [Your Name]. I saw that your company works with 厨房翻新、橱柜. We manufacture custom cabinetry, wardrobes, wood doors, and export furniture. May I send a short catalogue and project reference?","Verified","人工确认后 2 个工作日内跟进","工作流规则：不编造 WhatsApp、邮箱、联系人；发送前人工核验来源和联系方式。"
"38","Joyce Kitchens","澳洲","Perth","https://www.joycekitchens.com.au/","Kitchen Company / Designer","厨房翻新、橱柜","与全屋定制、橱柜、衣柜、木门或出口家具存在直接/相邻匹配。","https://www.joycekitchens.com.au/contact/","电话可核验WhatsApp","官网联系页核验；未发现可直接确认的公开 WhatsApp 号码","联系表单","未确认公开直邮；优先官网表单，邮箱为辅助补全","https://www.linkedin.com/search/results/companies/?keywords=Joyce%20Kitchens","未公开","Procurement / Sourcing / Owner / Design Director / Project Manager","76","B","Joyce Kitchens 的公开业务与 厨房翻新、橱柜 相关，客户类型为 Kitchen Company / Designer，适合按 B 级客户进入 CRM。","Subject: Joyce Kitchens and custom cabinetry supply

Hi Joyce Kitchens team,

I noticed that Joyce Kitchens works with 厨房翻新、橱柜. We manufacture whole-house custom cabinetry, kitchen cabinets, wardrobes, wood doors, and export furniture for builders, designers, kitchen companies, and importers, with OEM/ODM support for project and retail programs.

Would it be useful if I send a short catalogue and capability sheet for cabinets, wardrobes, wood doors, and furniture packages?

Best regards,","Hi Joyce Kitchens team, this is [Your Name]. I saw that your company works with 厨房翻新、橱柜. We manufacture custom cabinetry, wardrobes, wood doors, and export furniture. May I send a short catalogue and project reference?","Verified","人工确认后 2 个工作日内跟进","工作流规则：不编造 WhatsApp、邮箱、联系人；发送前人工核验来源和联系方式。"
"39","Rawson Homes","澳洲","Sydney","https://www.rawsonhomes.com.au/","Builder","新房 builder，厨房和收纳空间配置","与全屋定制、橱柜、衣柜、木门或出口家具存在直接/相邻匹配。","https://www.rawsonhomes.com.au/contact-us","电话可核验WhatsApp","官网联系页核验；未发现可直接确认的公开 WhatsApp 号码","联系表单","未确认公开直邮；优先官网表单，邮箱为辅助补全","https://www.linkedin.com/search/results/companies/?keywords=Rawson%20Homes","未公开","Procurement / Sourcing / Owner / Design Director / Project Manager","76","B","Rawson Homes 的公开业务与 新房 builder，厨房和收纳空间配置 相关，客户类型为 Builder，适合按 B 级客户进入 CRM。","Subject: Rawson Homes and custom cabinetry supply

Hi Rawson Homes team,

I noticed that Rawson Homes works with 新房 builder，厨房和收纳空间配置. We manufacture whole-house custom cabinetry, kitchen cabinets, wardrobes, wood doors, and export furniture for builders, designers, kitchen companies, and importers, with OEM/ODM support for project and retail programs.

Would it be useful if I send a short catalogue and capability sheet for cabinets, wardrobes, wood doors, and furniture packages?

Best regards,","Hi Rawson Homes team, this is [Your Name]. I saw that your company works with 新房 builder，厨房和收纳空间配置. We manufacture custom cabinetry, wardrobes, wood doors, and export furniture. May I send a short catalogue and project reference?","Verified","人工确认后 2 个工作日内跟进","工作流规则：不编造 WhatsApp、邮箱、联系人；发送前人工核验来源和联系方式。"
"40","Coral Homes","澳洲","Queensland","https://coralhomes.com.au/","Builder","住宅 builder，厨房、衣柜、门类配套","与全屋定制、橱柜、衣柜、木门或出口家具存在直接/相邻匹配。","https://coralhomes.com.au/contact-us/","电话可核验WhatsApp","官网联系页核验；未发现可直接确认的公开 WhatsApp 号码","联系表单","未确认公开直邮；优先官网表单，邮箱为辅助补全","https://www.linkedin.com/search/results/companies/?keywords=Coral%20Homes","未公开","Procurement / Sourcing / Owner / Design Director / Project Manager","76","B","Coral Homes 的公开业务与 住宅 builder，厨房、衣柜、门类配套 相关，客户类型为 Builder，适合按 B 级客户进入 CRM。","Subject: Coral Homes and custom cabinetry supply

Hi Coral Homes team,

I noticed that Coral Homes works with 住宅 builder，厨房、衣柜、门类配套. We manufacture whole-house custom cabinetry, kitchen cabinets, wardrobes, wood doors, and export furniture for builders, designers, kitchen companies, and importers, with OEM/ODM support for project and retail programs.

Would it be useful if I send a short catalogue and capability sheet for cabinets, wardrobes, wood doors, and furniture packages?

Best regards,","Hi Coral Homes team, this is [Your Name]. I saw that your company works with 住宅 builder，厨房、衣柜、门类配套. We manufacture custom cabinetry, wardrobes, wood doors, and export furniture. May I send a short catalogue and project reference?","Verified","人工确认后 2 个工作日内跟进","工作流规则：不编造 WhatsApp、邮箱、联系人；发送前人工核验来源和联系方式。"
"41","Hotondo Homes","澳洲","National","https://hotondo.com.au/","Builder","住宅 builder，固定柜类和门类需求","与全屋定制、橱柜、衣柜、木门或出口家具存在直接/相邻匹配。","https://hotondo.com.au/contact-us/","电话可核验WhatsApp","官网联系页核验；未发现可直接确认的公开 WhatsApp 号码","联系表单","未确认公开直邮；优先官网表单，邮箱为辅助补全","https://www.linkedin.com/search/results/companies/?keywords=Hotondo%20Homes","未公开","Procurement / Sourcing / Owner / Design Director / Project Manager","76","B","Hotondo Homes 的公开业务与 住宅 builder，固定柜类和门类需求 相关，客户类型为 Builder，适合按 B 级客户进入 CRM。","Subject: Hotondo Homes and custom cabinetry supply

Hi Hotondo Homes team,

I noticed that Hotondo Homes works with 住宅 builder，固定柜类和门类需求. We manufacture whole-house custom cabinetry, kitchen cabinets, wardrobes, wood doors, and export furniture for builders, designers, kitchen companies, and importers, with OEM/ODM support for project and retail programs.

Would it be useful if I send a short catalogue and capability sheet for cabinets, wardrobes, wood doors, and furniture packages?

Best regards,","Hi Hotondo Homes team, this is [Your Name]. I saw that your company works with 住宅 builder，固定柜类和门类需求. We manufacture custom cabinetry, wardrobes, wood doors, and export furniture. May I send a short catalogue and project reference?","Verified","人工确认后 2 个工作日内跟进","工作流规则：不编造 WhatsApp、邮箱、联系人；发送前人工核验来源和联系方式。"
"42","Eden Brae Homes","澳洲","Sydney","https://edenbraehomes.com.au/","Builder","住宅 builder，厨房和收纳配置","与全屋定制、橱柜、衣柜、木门或出口家具存在直接/相邻匹配。","https://edenbraehomes.com.au/contact-us/","电话可核验WhatsApp","官网联系页核验；未发现可直接确认的公开 WhatsApp 号码","联系表单","未确认公开直邮；优先官网表单，邮箱为辅助补全","https://www.linkedin.com/search/results/companies/?keywords=Eden%20Brae%20Homes","未公开","Procurement / Sourcing / Owner / Design Director / Project Manager","76","B","Eden Brae Homes 的公开业务与 住宅 builder，厨房和收纳配置 相关，客户类型为 Builder，适合按 B 级客户进入 CRM。","Subject: Eden Brae Homes and custom cabinetry supply

Hi Eden Brae Homes team,

I noticed that Eden Brae Homes works with 住宅 builder，厨房和收纳配置. We manufacture whole-house custom cabinetry, kitchen cabinets, wardrobes, wood doors, and export furniture for builders, designers, kitchen companies, and importers, with OEM/ODM support for project and retail programs.

Would it be useful if I send a short catalogue and capability sheet for cabinets, wardrobes, wood doors, and furniture packages?

Best regards,","Hi Eden Brae Homes team, this is [Your Name]. I saw that your company works with 住宅 builder，厨房和收纳配置. We manufacture custom cabinetry, wardrobes, wood doors, and export furniture. May I send a short catalogue and project reference?","Verified","人工确认后 2 个工作日内跟进","工作流规则：不编造 WhatsApp、邮箱、联系人；发送前人工核验来源和联系方式。"
"43","Wisdom Homes","澳洲","Sydney","https://wisdomhomes.com.au/","Builder","住宅 builder，固定家具和收纳需求","与全屋定制、橱柜、衣柜、木门或出口家具存在直接/相邻匹配。","https://wisdomhomes.com.au/contact-us/","电话可核验WhatsApp","官网联系页核验；未发现可直接确认的公开 WhatsApp 号码","联系表单","未确认公开直邮；优先官网表单，邮箱为辅助补全","https://www.linkedin.com/search/results/companies/?keywords=Wisdom%20Homes","未公开","Procurement / Sourcing / Owner / Design Director / Project Manager","76","B","Wisdom Homes 的公开业务与 住宅 builder，固定家具和收纳需求 相关，客户类型为 Builder，适合按 B 级客户进入 CRM。","Subject: Wisdom Homes and custom cabinetry supply

Hi Wisdom Homes team,

I noticed that Wisdom Homes works with 住宅 builder，固定家具和收纳需求. We manufacture whole-house custom cabinetry, kitchen cabinets, wardrobes, wood doors, and export furniture for builders, designers, kitchen companies, and importers, with OEM/ODM support for project and retail programs.

Would it be useful if I send a short catalogue and capability sheet for cabinets, wardrobes, wood doors, and furniture packages?

Best regards,","Hi Wisdom Homes team, this is [Your Name]. I saw that your company works with 住宅 builder，固定家具和收纳需求. We manufacture custom cabinetry, wardrobes, wood doors, and export furniture. May I send a short catalogue and project reference?","Verified","人工确认后 2 个工作日内跟进","工作流规则：不编造 WhatsApp、邮箱、联系人；发送前人工核验来源和联系方式。"
"44","IKEA Australia","澳洲","National","https://www.ikea.com/au/en/","Retailer / Importer","厨房、衣柜、家居家具","与全屋定制、橱柜、衣柜、木门或出口家具存在直接/相邻匹配。","https://www.ikea.com/au/en/customer-service/contact-us/","电话可核验WhatsApp","官网联系页核验；未发现可直接确认的公开 WhatsApp 号码","联系表单","未确认公开直邮；优先官网表单，邮箱为辅助补全","https://www.linkedin.com/search/results/companies/?keywords=IKEA%20Australia","未公开","Procurement / Sourcing / Owner / Design Director / Project Manager","76","B","IKEA Australia 的公开业务与 厨房、衣柜、家居家具 相关，客户类型为 Retailer / Importer，适合按 B 级客户进入 CRM。","Subject: IKEA Australia and custom cabinetry supply

Hi IKEA Australia team,

I noticed that IKEA Australia works with 厨房、衣柜、家居家具. We manufacture whole-house custom cabinetry, kitchen cabinets, wardrobes, wood doors, and export furniture for builders, designers, kitchen companies, and importers, with OEM/ODM support for project and retail programs.

Would it be useful if I send a short catalogue and capability sheet for cabinets, wardrobes, wood doors, and furniture packages?

Best regards,","Hi IKEA Australia team, this is [Your Name]. I saw that your company works with 厨房、衣柜、家居家具. We manufacture custom cabinetry, wardrobes, wood doors, and export furniture. May I send a short catalogue and project reference?","Verified","人工确认后 2 个工作日内跟进","工作流规则：不编造 WhatsApp、邮箱、联系人；发送前人工核验来源和联系方式。"
"45","Dan Kitchens","澳洲","Sydney","https://www.dankitchens.com.au/","Kitchen Company / Designer","高端厨房、定制 joinery","与全屋定制、橱柜、衣柜、木门或出口家具存在直接/相邻匹配。","https://www.dankitchens.com.au/contact/","电话可核验WhatsApp","官网联系页核验；未发现可直接确认的公开 WhatsApp 号码","联系表单","未确认公开直邮；优先官网表单，邮箱为辅助补全","https://www.linkedin.com/search/results/companies/?keywords=Dan%20Kitchens","未公开","Procurement / Sourcing / Owner / Design Director / Project Manager","78","B","Dan Kitchens 的公开业务与 高端厨房、定制 joinery 相关，客户类型为 Kitchen Company / Designer，适合按 B 级客户进入 CRM。","Subject: Dan Kitchens and custom cabinetry supply

Hi Dan Kitchens team,

I noticed that Dan Kitchens works with 高端厨房、定制 joinery. We manufacture whole-house custom cabinetry, kitchen cabinets, wardrobes, wood doors, and export furniture for builders, designers, kitchen companies, and importers, with OEM/ODM support for project and retail programs.

Would it be useful if I send a short catalogue and capability sheet for cabinets, wardrobes, wood doors, and furniture packages?

Best regards,","Hi Dan Kitchens team, this is [Your Name]. I saw that your company works with 高端厨房、定制 joinery. We manufacture custom cabinetry, wardrobes, wood doors, and export furniture. May I send a short catalogue and project reference?","Verified","人工确认后 2 个工作日内跟进","工作流规则：不编造 WhatsApp、邮箱、联系人；发送前人工核验来源和联系方式。"
"46","Corinthian Doors","澳洲","National","https://www.corinthian.com.au/","Door Company / Builder Supplier","室内门、入户门","与全屋定制、橱柜、衣柜、木门或出口家具存在直接/相邻匹配。","https://www.corinthian.com.au/contact-us/","未公开WhatsApp","官网联系页核验；未发现可直接确认的公开 WhatsApp 号码","联系表单","未确认公开直邮；优先官网表单，邮箱为辅助补全","https://www.linkedin.com/search/results/companies/?keywords=Corinthian%20Doors","未公开","Procurement / Sourcing / Owner / Design Director / Project Manager","73","C","Corinthian Doors 的公开业务与 室内门、入户门 相关，客户类型为 Door Company / Builder Supplier，适合按 C 级客户进入 CRM。","Subject: Corinthian Doors and custom cabinetry supply

Hi Corinthian Doors team,

I noticed that Corinthian Doors works with 室内门、入户门. We manufacture whole-house custom cabinetry, kitchen cabinets, wardrobes, wood doors, and export furniture for builders, designers, kitchen companies, and importers, with OEM/ODM support for project and retail programs.

Would it be useful if I send a short catalogue and capability sheet for cabinets, wardrobes, wood doors, and furniture packages?

Best regards,","Hi Corinthian Doors team, this is [Your Name]. I saw that your company works with 室内门、入户门. We manufacture custom cabinetry, wardrobes, wood doors, and export furniture. May I send a short catalogue and project reference?","New","人工确认后 2 个工作日内跟进","工作流规则：不编造 WhatsApp、邮箱、联系人；发送前人工核验来源和联系方式。"
"47","Hume Doors & Timber","澳洲","National","https://www.humedoors.com.au/","Door Company / Builder Supplier","木门、timber 产品","与全屋定制、橱柜、衣柜、木门或出口家具存在直接/相邻匹配。","https://www.humedoors.com.au/contact-us/","未公开WhatsApp","官网联系页核验；未发现可直接确认的公开 WhatsApp 号码","联系表单","未确认公开直邮；优先官网表单，邮箱为辅助补全","https://www.linkedin.com/search/results/companies/?keywords=Hume%20Doors%20%26%20Timber","未公开","Procurement / Sourcing / Owner / Design Director / Project Manager","74","C","Hume Doors & Timber 的公开业务与 木门、timber 产品 相关，客户类型为 Door Company / Builder Supplier，适合按 C 级客户进入 CRM。","Subject: Hume Doors & Timber and custom cabinetry supply

Hi Hume Doors & Timber team,

I noticed that Hume Doors & Timber works with 木门、timber 产品. We manufacture whole-house custom cabinetry, kitchen cabinets, wardrobes, wood doors, and export furniture for builders, designers, kitchen companies, and importers, with OEM/ODM support for project and retail programs.

Would it be useful if I send a short catalogue and capability sheet for cabinets, wardrobes, wood doors, and furniture packages?

Best regards,","Hi Hume Doors & Timber team, this is [Your Name]. I saw that your company works with 木门、timber 产品. We manufacture custom cabinetry, wardrobes, wood doors, and export furniture. May I send a short catalogue and project reference?","New","人工确认后 2 个工作日内跟进","工作流规则：不编造 WhatsApp、邮箱、联系人；发送前人工核验来源和联系方式。"
"48","Doors Plus","澳洲","National","https://www.doorsplus.com.au/","Door Company / Retailer","门类零售和安装","与全屋定制、橱柜、衣柜、木门或出口家具存在直接/相邻匹配。","https://www.doorsplus.com.au/contact-us/","未公开WhatsApp","官网联系页核验；未发现可直接确认的公开 WhatsApp 号码","联系表单","未确认公开直邮；优先官网表单，邮箱为辅助补全","https://www.linkedin.com/search/results/companies/?keywords=Doors%20Plus","未公开","Procurement / Sourcing / Owner / Design Director / Project Manager","72","C","Doors Plus 的公开业务与 门类零售和安装 相关，客户类型为 Door Company / Retailer，适合按 C 级客户进入 CRM。","Subject: Doors Plus and custom cabinetry supply

Hi Doors Plus team,

I noticed that Doors Plus works with 门类零售和安装. We manufacture whole-house custom cabinetry, kitchen cabinets, wardrobes, wood doors, and export furniture for builders, designers, kitchen companies, and importers, with OEM/ODM support for project and retail programs.

Would it be useful if I send a short catalogue and capability sheet for cabinets, wardrobes, wood doors, and furniture packages?

Best regards,","Hi Doors Plus team, this is [Your Name]. I saw that your company works with 门类零售和安装. We manufacture custom cabinetry, wardrobes, wood doors, and export furniture. May I send a short catalogue and project reference?","New","人工确认后 2 个工作日内跟进","工作流规则：不编造 WhatsApp、邮箱、联系人；发送前人工核验来源和联系方式。"
"49","Trend Windows & Doors","澳洲","National","https://www.trendwindows.com.au/","Builder Supplier","门窗、建筑配套","与全屋定制、橱柜、衣柜、木门或出口家具存在直接/相邻匹配。","https://www.trendwindows.com.au/contact-us/","未公开WhatsApp","官网联系页核验；未发现可直接确认的公开 WhatsApp 号码","联系表单","未确认公开直邮；优先官网表单，邮箱为辅助补全","https://www.linkedin.com/search/results/companies/?keywords=Trend%20Windows%20%26%20Doors","未公开","Procurement / Sourcing / Owner / Design Director / Project Manager","68","C","Trend Windows & Doors 的公开业务与 门窗、建筑配套 相关，客户类型为 Builder Supplier，适合按 C 级客户进入 CRM。","Subject: Trend Windows & Doors and custom cabinetry supply

Hi Trend Windows & Doors team,

I noticed that Trend Windows & Doors works with 门窗、建筑配套. We manufacture whole-house custom cabinetry, kitchen cabinets, wardrobes, wood doors, and export furniture for builders, designers, kitchen companies, and importers, with OEM/ODM support for project and retail programs.

Would it be useful if I send a short catalogue and capability sheet for cabinets, wardrobes, wood doors, and furniture packages?

Best regards,","Hi Trend Windows & Doors team, this is [Your Name]. I saw that your company works with 门窗、建筑配套. We manufacture custom cabinetry, wardrobes, wood doors, and export furniture. May I send a short catalogue and project reference?","New","人工确认后 2 个工作日内跟进","工作流规则：不编造 WhatsApp、邮箱、联系人；发送前人工核验来源和联系方式。"
"50","Wideline","澳洲","NSW","https://wideline.com.au/","Builder Supplier","门窗和住宅建材配套","与全屋定制、橱柜、衣柜、木门或出口家具存在直接/相邻匹配。","https://wideline.com.au/contact-us/","未公开WhatsApp","官网联系页核验；未发现可直接确认的公开 WhatsApp 号码","联系表单","未确认公开直邮；优先官网表单，邮箱为辅助补全","https://www.linkedin.com/search/results/companies/?keywords=Wideline","未公开","Procurement / Sourcing / Owner / Design Director / Project Manager","67","C","Wideline 的公开业务与 门窗和住宅建材配套 相关，客户类型为 Builder Supplier，适合按 C 级客户进入 CRM。","Subject: Wideline and custom cabinetry supply

Hi Wideline team,

I noticed that Wideline works with 门窗和住宅建材配套. We manufacture whole-house custom cabinetry, kitchen cabinets, wardrobes, wood doors, and export furniture for builders, designers, kitchen companies, and importers, with OEM/ODM support for project and retail programs.

Would it be useful if I send a short catalogue and capability sheet for cabinets, wardrobes, wood doors, and furniture packages?

Best regards,","Hi Wideline team, this is [Your Name]. I saw that your company works with 门窗和住宅建材配套. We manufacture custom cabinetry, wardrobes, wood doors, and export furniture. May I send a short catalogue and project reference?","New","人工确认后 2 个工作日内跟进","工作流规则：不编造 WhatsApp、邮箱、联系人；发送前人工核验来源和联系方式。"